{"cameraMode":{"drawMode":0,"name":"Shaded","section":"Shading Mode"},"sceneLighting":true,"audioPlay":false,"sceneViewState":{"showFog":true,"showMaterialUpdate":false,"showSkybox":true,"showFlares":true,"showImageEffects":true,"showParticleSystems":true},"in2DMode":false,"pivot":{"x":5.222482681274414,"y":-1.292192816734314,"z":10.982104301452637},"rotation":{"x":-0.09727939963340759,"y":-0.19222865998744965,"z":0.019153261557221414,"w":-0.9763288497924805},"size":17.53893280029297,"orthographic":false}